iter	Passed	Remaining
<<<<<<< HEAD
0	66	669805
1	114	574336
2	155	519056
3	187	467404
4	217	434744
5	244	406459
6	267	381796
7	292	365904
8	320	355768
9	346	346422
10	371	337684
11	397	330971
12	421	324163
13	451	321853
14	480	319741
15	507	316910
16	536	315247
17	562	311910
18	589	309610
19	615	307082
20	639	304119
21	664	301543
22	689	299160
23	716	297747
24	745	297326
25	770	295737
26	796	294144
27	819	291893
28	848	291568
29	877	291720
30	903	290443
31	927	288864
32	956	288743
33	979	287196
34	1004	286057
35	1029	284818
36	1053	283729
37	1079	283057
38	1104	282101
39	1131	281802
40	1160	281934
41	1188	281772
42	1213	280999
43	1240	280718
44	1272	281511
45	1299	281162
46	1324	280432
47	1349	279785
48	1377	279780
49	1405	279702
50	1430	279127
51	1456	278556
52	1482	278223
53	1508	277833
54	1535	277709
55	1562	277443
56	1588	277017
57	1615	276977
58	1643	276961
59	1671	276953
60	1699	276877
61	1806	289548
62	1901	299991
63	1926	299140
64	1952	298390
65	1976	297448
66	1999	296480
67	2025	295830
68	2053	295613
69	2084	295682
70	2110	295204
71	2136	294633
72	2162	294090
73	2189	293710
74	2216	293278
75	2242	292853
76	2269	292507
77	2297	292281
78	2323	291792
79	2348	291217
80	2372	290550
81	2398	290066
82	2425	289792
83	2456	289970
84	2490	290531
85	2516	290077
86	2541	289586
87	2566	289108
88	2593	288797
89	2619	288409
90	2644	288008
91	2671	287691
92	2712	288928
93	2742	289058
94	2770	288822
95	2798	288678
96	2826	288564
97	2855	288498
98	2885	288589
99	2924	289545
100	2953	289454
101	2982	289399
102	3012	289417
103	3040	289358
104	3069	289228
105	3099	289311
106	3131	289572
107	3160	289436
108	3190	289528
109	3220	289566
110	3248	289423
111	3277	289377
112	3314	289977
113	3348	290358
114	3374	290022
115	3399	289685
116	3425	289386
117	3453	289252
118	3482	289145
119	3506	288741
120	3530	288251
121	3557	288067
122	3583	287752
123	3607	287289
124	3631	286870
125	3655	286496
126	3681	286162
127	3708	286046
128	3737	285961
129	3762	285631
130	3787	285314
131	3813	285072
132	3838	284752
133	3860	284252
134	3886	283966
135	3910	283618
136	3934	283262
137	3959	282926
138	3984	282660
139	4009	282378
140	4034	282067
141	4059	281823
142	4082	281388
143	4107	281115
144	4134	280974
145	4162	280972
146	4187	280648
147	4212	280435
148	4237	280153
149	4261	279861
150	4288	279720
151	4312	279415
152	4336	279092
153	4362	278941
154	4388	278739
155	4416	278662
156	4440	278381
157	4464	278117
158	4488	277778
159	4513	277608
160	4537	277323
161	4567	277401
162	4593	277193
163	4620	277109
164	4646	276931
165	4672	276828
166	4696	276515
167	4718	276150
168	4746	276084
169	4771	275892
170	4794	275591
171	4816	275187
172	4838	274847
173	4863	274664
174	4890	274564
175	4916	274448
176	4946	274523
177	4970	274291
178	4994	274009
179	5017	273739
180	5042	273551
181	5072	273611
182	5095	273348
183	5120	273180
184	5143	272909
185	5165	272561
186	5189	272339
187	5214	272177
188	5240	272042
189	5380	277812
190	5412	277973
191	5440	277936
192	5469	277919
193	5494	277717
194	5524	277805
195	5551	277701
196	5581	277731
197	5610	277769
198	5643	277973
199	5670	277869
200	5700	277917
201	5725	277731
202	5754	277700
203	5783	277717
204	5812	277727
205	5856	278453
206	5886	278505
207	5915	278482
208	5945	278513
209	5970	278350
210	5998	278276
211	6027	278305
212	6056	278298
213	6086	278336
214	6113	278248
215	6140	278134
216	6165	277938
217	6191	277836
218	6216	277631
219	6241	277470
220	6267	277343
221	6292	277135
222	6316	276933
223	6341	276744
224	6366	276570
225	6389	276345
226	6412	276068
227	6433	275735
228	6456	275498
229	6486	275549
230	6509	275288
231	6534	275127
232	6560	275005
233	6586	274894
234	6614	274839
235	6637	274613
236	6661	274419
237	6690	274421
238	6713	274176
239	6739	274064
240	6762	273828
241	6785	273589
242	6809	273431
243	6833	273223
244	6855	272973
245	6877	272701
246	6904	272639
247	6930	272512
248	6954	272339
249	6980	272237
250	7005	272117
251	7028	271892
252	7052	271695
253	7076	271507
254	7100	271343
255	7123	271138
256	7149	271027
257	7174	270914
258	7199	270756
259	7251	271636
260	7293	272136
261	7333	272579
262	7366	272717
263	7390	272558
264	7413	272339
265	7435	272095
266	7461	271986
267	7483	271748
268	7505	271510
269	7531	271396
270	7554	271205
271	7576	270973
272	7599	270787
273	7623	270592
274	7645	270370
275	7671	270283
276	7696	270151
277	7722	270069
278	7748	269972
279	7778	270026
280	7801	269836
281	7827	269729
282	7848	269480
283	7977	272923
284	8003	272837
285	8026	272627
286	8053	272551
287	8080	272496
288	8103	272297
289	8128	272178
290	8151	271980
291	8180	271984
292	8210	271995
293	8232	271797
294	8256	271613
295	8278	271388
296	8299	271157
297	8323	270979
298	8344	270731
299	8368	270592
300	8391	270396
301	8415	270231
302	8444	270254
303	8466	270042
304	8488	269828
305	8515	269757
306	8538	269592
307	8586	270201
308	8620	270366
309	8660	270719
310	8683	270518
311	8707	270368
312	8729	270156
313	8755	270068
314	8776	269839
315	8801	269731
316	8828	269664
317	8855	269632
318	8884	269618
319	8909	269497
320	8937	269487
321	8962	269368
322	8990	269350
323	9021	269413
324	9053	269513
325	9084	269576
326	9109	269481
327	9134	269352
328	9157	269180
329	9181	269058
330	9205	268906
331	9232	268858
332	9258	268771
333	9281	268604
334	9306	268491
335	9331	268383
336	9355	268246
337	9378	268100
338	9405	268054
339	9436	268118
340	9464	268080
341	9489	267986
342	9514	267881
343	9539	267782
344	9567	267741
345	9594	267690
346	9619	267600
347	9642	267436
348	9663	267232
349	9684	267025
350	9707	266869
351	9733	266784
352	9756	266627
353	9781	266532
354	9805	266411
355	9831	266345
356	9854	266170
357	9875	265976
358	9898	265824
359	9925	265779
360	9964	266069
361	9987	265897
362	10010	265752
363	10034	265650
364	10057	265492
365	10080	265333
366	10103	265202
367	10130	265155
368	10153	265002
369	10180	264955
370	10204	264861
371	10231	264820
372	10256	264712
373	10278	264549
374	10301	264406
375	10323	264238
376	10345	264063
377	10371	264001
378	10432	264840
379	10456	264709
380	10478	264559
381	10500	264387
382	10525	264283
383	10545	264089
384	10569	263965
385	10592	263829
386	10620	263819
387	10646	263738
388	10668	263574
389	10699	263645
390	10725	263581
391	10751	263509
392	10774	263374
393	10797	263253
394	10823	263179
395	10847	263084
396	10914	264008
397	11030	266126
398	11054	265992
399	11077	265866
400	11104	265815
401	11127	265682
402	11150	265537
403	11172	265378
404	11194	265203
405	11219	265113
406	11298	266309
407	11329	266349
408	11353	266229
409	11375	266081
410	11397	265916
411	11420	265772
412	11442	265614
413	11470	265588
414	11495	265496
415	11517	265355
416	11541	265236
417	11564	265100
418	11588	264992
419	11615	264936
420	11643	264921
421	11670	264872
422	11692	264736
423	11714	264567
424	11740	264512
425	11765	264417
426	11788	264298
427	11814	264214
428	11835	264059
429	11862	264020
430	11896	264115
431	11947	264620
432	11977	264631
433	12003	264584
434	12027	264471
435	12056	264470
436	12084	264446
437	12110	264384
438	12137	264352
439	12162	264267
440	12188	264196
441	12218	264211
442	12247	264229
443	12274	264187
444	12300	264124
445	12333	264209
446	12363	264216
447	12393	264246
448	12421	264219
449	12447	264158
450	12472	264082
451	12501	264074
452	12534	264168
453	12561	264129
454	12587	264069
455	12614	264017
456	12636	263866
457	12661	263784
458	12683	263644
459	12712	263644
460	12737	263554
461	12763	263497
462	12788	263425
463	12811	263302
464	12832	263143
465	12855	263007
466	12876	262857
467	12899	262724
468	12926	262697
469	12950	262586
470	12973	262462
471	12996	262350
472	13018	262206
473	13041	262100
474	13063	261958
475	13086	261836
476	13114	261825
477	13140	261769
478	13164	261672
479	13187	261553
480	13208	261404
481	13231	261286
482	13252	261130
483	13275	261017
484	13298	260893
485	13321	260775
486	13346	260717
487	13370	260618
488	13393	260498
489	13416	260386
490	13438	260258
491	13459	260109
492	13486	260063
493	13518	260128
494	13541	260020
495	13572	260072
496	13600	260045
497	13622	259924
498	13645	259805
499	13667	259681
500	13691	259599
501	13713	259463
502	13735	259329
503	13756	259190
504	13780	259102
505	13805	259037
506	13831	258981
507	13852	258835
508	13876	258739
509	13918	258990
510	13943	258919
511	13966	258819
512	13991	258752
513	14016	258685
514	14041	258605
515	14065	258519
516	14088	258415
517	14113	258353
518	14138	258287
519	14160	258165
520	14183	258052
521	14209	258009
522	14234	257930
523	14257	257830
524	14283	257790
525	14309	257730
526	14330	257595
527	14351	257453
528	14373	257328
529	14398	257264
530	14421	257175
531	14447	257124
532	14473	257066
533	14494	256945
534	14517	256840
535	14542	256770
536	14565	256670
537	14588	256572
538	14610	256449
539	14633	256360
540	14655	256235
541	14678	256149
542	14703	256078
543	14728	256007
544	14751	255911
545	14776	255848
546	14798	255743
547	14821	255651
548	14845	255559
549	14868	255471
550	14889	255342
551	14914	255271
552	14935	255143
553	14958	255042
554	14980	254940
555	15004	254861
556	15028	254784
557	15053	254714
558	15082	254724
559	15105	254639
560	15127	254522
561	15151	254451
562	15174	254354
563	15196	254248
564	15252	254695
565	15299	255007
566	15335	255125
567	15366	255174
568	15390	255092
569	15413	255005
570	15447	255078
571	15471	255011
572	15496	254953
573	15518	254839
574	15540	254728
575	15561	254609
576	15583	254497
577	15606	254409
578	15629	254313
579	15656	254278
580	15679	254191
581	15702	254107
582	15725	254005
583	15748	253912
584	15771	253824
585	15798	253792
586	15828	253819
587	15875	254116
588	15905	254141
589	15933	254132
590	15956	254034
591	15978	253924
592	16000	253819
593	16023	253724
594	16044	253607
595	16066	253511
596	16089	253422
597	16112	253333
598	16135	253242
599	16158	253153
600	16179	253036
601	16203	252956
602	16225	252861
603	16253	252844
604	16278	252794
605	16302	252717
606	16328	252668
607	16350	252568
608	16372	252473
609	16394	252370
610	16418	252292
611	16442	252232
612	16467	252176
613	16489	252062
614	16512	251980
615	16551	252135
616	16571	252013
617	16594	251924
618	16618	251850
619	16639	251737
620	16664	251684
621	16688	251621
622	16710	251512
623	16732	251420
624	16757	251368
625	16780	251272
626	16802	251173
627	16824	251080
628	16845	250974
629	16867	250868
630	16888	250760
631	16911	250678
632	16935	250611
633	16958	250531
634	16983	250468
635	17006	250392
636	17029	250303
637	17053	250240
638	17079	250204
639	17102	250118
640	17124	250027
641	17149	249977
642	17175	249939
643	17203	249933
644	17230	249908
645	17253	249827
646	17273	249711
647	17295	249616
648	17439	251269
649	17486	251536
650	17512	251500
651	17536	251426
652	17560	251363
653	17583	251272
654	17608	251228
655	17633	251172
656	17656	251092
657	17681	251031
658	17703	250944
659	17726	250851
660	17749	250769
661	17774	250727
662	17796	250629
663	17821	250571
664	17842	250464
665	17867	250407
666	17898	250448
667	17921	250365
668	17948	250337
669	17969	250231
670	17993	250160
671	18016	250085
672	18040	250025
673	18061	249918
674	18084	249829
675	18121	249949
676	18143	249848
677	18165	249755
678	18189	249702
679	18215	249663
680	18240	249606
681	18264	249540
682	18294	249561
683	18318	249495
684	18345	249470
685	18369	249409
686	18393	249349
687	18419	249306
688	18447	249297
689	18471	249230
690	18497	249196
691	18525	249187
692	18551	249150
693	18576	249097
694	18600	249035
695	18630	249043
696	18657	249021
697	18690	249084
698	18716	249045
699	18745	249040
700	18769	248980
701	18795	248943
702	18821	248903
703	18849	248898
704	18875	248856
705	18898	248791
706	18927	248784
707	18954	248761
708	18979	248716
709	19006	248685
710	19028	248605
711	19056	248596
712	19085	248598
713	19109	248530
714	19134	248475
715	19158	248418
716	19183	248364
717	19206	248287
718	19227	248195
719	19249	248106
720	19273	248042
721	19298	247988
722	19319	247889
723	19342	247818
724	19364	247733
725	19389	247680
726	19416	247663
727	19440	247599
728	19467	247576
729	19492	247531
730	19516	247466
731	19537	247373
732	19559	247285
733	19582	247206
734	19608	247170
735	19631	247098
736	19653	247011
737	19676	246939
738	19702	246903
739	19725	246839
740	19748	246764
741	19770	246677
742	19792	246597
743	19821	246595
744	19844	246530
745	19870	246490
746	19896	246458
747	19922	246424
748	19944	246338
749	19968	246276
750	19991	246206
751	20014	246137
752	20062	246367
753	20094	246405
754	20123	246416
755	20145	246334
756	20169	246269
757	20191	246181
758	20212	246090
759	20234	246009
760	20257	245933
761	20302	246128
762	20327	246087
763	20352	246041
764	20376	245982
765	20399	245915
766	20426	245887
767	20450	245835
768	20475	245780
769	20496	245696
770	20520	245636
771	20545	245588
772	20570	245545
773	20617	245758
774	20672	246068
775	20700	246062
776	20722	245979
777	20745	245907
778	20768	245835
779	20790	245751
780	20812	245666
781	20911	246497
782	20937	246462
783	20958	246374
784	20980	246288
785	21002	246206
786	21026	246141
787	21052	246116
788	21078	246077
789	21104	246035
790	21128	245981
791	21151	245916
792	21176	245860
793	21198	245786
794	21220	245709
795	21242	245621
796	21265	245548
797	21288	245478
798	21311	245417
799	21333	245330
800	21356	245261
801	21381	245219
802	21402	245131
803	21423	245043
804	21448	244988
805	21474	244955
806	21498	244897
807	21520	244818
808	21548	244806
809	21571	244744
810	21594	244679
811	21622	244663
812	21645	244598
813	21670	244553
814	21695	244507
815	21717	244431
816	21741	244368
817	21764	244307
818	21790	244271
819	21818	244259
820	21844	244227
821	21871	244203
822	21906	244276
823	21937	244297
824	21968	244314
825	21997	244316
826	22026	244316
827	22054	244304
828	22082	244287
829	22109	244275
830	22139	244278
831	22168	244281
832	22197	244284
833	22228	244300
834	22259	244319
835	22294	244384
836	22323	244387
837	22353	244391
838	22390	244483
839	22420	244490
840	22470	244721
841	22501	244742
842	22529	244723
843	22560	244744
844	22590	244748
845	22618	244743
846	22650	244766
847	22684	244821
848	22715	244842
849	22740	244791
850	22769	244789
851	22796	244766
852	22823	244744
853	22847	244687
854	22872	244641
855	22898	244608
856	22927	244605
857	22955	244589
858	22979	244531
859	23002	244470
860	23031	244470
861	23058	244436
862	23088	244453
863	23117	244450
864	23145	244427
865	23168	244367
866	23192	244307
867	23218	244272
868	23243	244233
869	23268	244184
870	23291	244120
871	23315	244066
872	23342	244035
873	23367	243991
874	23392	243950
875	23416	243891
876	23442	243857
877	23472	243867
878	23502	243873
879	23539	243953
880	23566	243929
881	23591	243887
882	23616	243842
883	23643	243815
884	23668	243775
885	23692	243716
886	23715	243651
887	23738	243583
888	23762	243534
889	23788	243496
890	23810	243421
891	23835	243382
892	23860	243335
893	23884	243279
894	23912	243264
895	23935	243202
896	23957	243128
897	23982	243080
898	24006	243032
899	24028	242958
900	24054	242917
901	24079	242881
902	24103	242820
903	24128	242782
904	24153	242737
905	24176	242671
906	24199	242610
907	24223	242553
908	24247	242506
909	24273	242466
910	24302	242465
911	24411	243258
912	24463	243481
913	24495	243510
914	24523	243490
915	24550	243469
916	24577	243446
917	24611	243490
918	24644	243521
919	24672	243505
920	24701	243498
921	24728	243480
922	24761	243515
923	24791	243517
924	24819	243503
925	24848	243495
926	24878	243498
927	24907	243497
928	24937	243494
929	24964	243466
930	24992	243455
931	25022	243455
932	25053	243475
933	25080	243451
934	25107	243422
935	25134	243399
936	25168	243437
937	25198	243445
938	25229	243450
939	25264	243505
940	25290	243472
941	25317	243442
942	25342	243404
943	25366	243348
944	25393	243321
945	25417	243266
946	25441	243209
947	25465	243162
948	25489	243102
949	25516	243080
950	25543	243049
951	25573	243052
952	25597	243000
953	25624	242971
954	25647	242909
955	25673	242879
956	25697	242819
957	25767	243200
958	25790	243142
959	25815	243095
960	25839	243044
961	25864	242996
962	25890	242963
963	25916	242923
964	25942	242889
965	25972	242892
966	25997	242846
967	26023	242812
968	26047	242764
969	26074	242730
970	26098	242680
971	26122	242629
972	26153	242635
973	26181	242624
974	26211	242622
975	26241	242622
976	26272	242634
977	26300	242618
978	26325	242574
979	26350	242532
980	26402	242734
981	26427	242695
982	26450	242629
983	26473	242570
984	26496	242505
985	26523	242481
986	26545	242408
987	26567	242337
988	26592	242291
989	26616	242237
990	26638	242163
991	26660	242091
992	26683	242032
993	26706	241974
994	26730	241921
995	26753	241858
996	26781	241842
997	26807	241804
998	26834	241776
999	26857	241714
1000	26879	241650
1001	26903	241592
1002	27068	242808
1003	27097	242798
1004	27123	242764
1005	27153	242762
1006	27184	242766
1007	27216	242788
1008	27243	242763
1009	27270	242732
1010	27301	242746
1011	27330	242733
1012	27357	242703
1013	27389	242721
=======
0	59	177718
1	121	181479
2	172	171875
3	236	176830
4	288	172636
5	358	179057
6	444	190002
7	489	183063
8	533	177355
9	595	178202
10	666	181150
11	733	182550
12	815	187366
13	877	187084
14	928	184696
15	998	186260
16	1109	194628
17	1175	194781
18	1231	193171
19	1318	196481
20	1421	201650
21	1504	203614
22	1616	209214
23	1696	210400
24	1797	213912
25	1908	218351
26	1978	217878
27	2067	219421
28	2182	223602
29	2279	225692
30	2367	226727
31	2465	228684
32	2560	230175
33	2674	233300
34	2758	233723
35	2841	233927
36	2921	233931
37	3018	235275
38	3104	235720
39	3185	235696
40	3249	234502
41	3328	234425
42	3398	233692
43	3462	232632
44	3528	231725
45	3607	231632
46	3675	230920
47	3743	230209
48	3807	229301
49	3901	230160
50	3967	229386
51	4031	228561
52	4098	227917
53	4163	227115
54	4268	228542
55	4360	229214
56	4497	232228
57	4577	232197
58	4660	232314
59	4729	231738
60	4821	232312
61	4905	232467
62	5005	233348
63	5107	234286
64	5179	233896
65	5245	233197
66	5326	233170
67	5379	231934
68	5432	230776
69	5488	229725
70	5552	229059
71	5612	228251
72	5672	227448
73	5740	226966
74	5805	226404
75	5870	225856
76	5934	225261
77	5989	224385
78	6044	223494
79	6099	222621
80	6161	222054
81	6230	221725
82	6299	221384
83	6362	220868
84	6434	220682
85	6498	220177
86	6567	219898
87	6631	219453
88	6686	218700
89	6739	217924
90	6818	217979
91	6886	217670
92	6968	217823
93	7048	217897
94	7116	217612
95	7177	217107
96	7239	216669
97	7298	216132
98	7369	215935
99	7428	215440
100	7489	214965
101	7556	214690
102	7615	214199
103	7683	213964
104	7758	213924
105	7832	213838
106	7894	213451
107	7997	214168
108	8076	214207
109	8192	215238
110	8267	215175
111	8331	214837
112	8388	214318
113	8445	213807
114	8494	213099
115	8552	212633
116	8618	212373
117	8674	211852
118	8742	211666
119	8811	211475
120	8871	211075
121	8946	211059
122	9003	210596
123	9063	210203
124	9117	209712
125	9167	209105
126	9226	208720
127	9270	208016
128	9326	207569
129	9379	207070
130	9444	206839
131	9495	206321
132	9573	206362
133	9632	206011
134	9683	205502
135	9737	205054
136	9794	204689
137	9855	204401
138	9919	204162
139	9974	203774
140	10024	203253
141	10091	203114
142	10159	202973
143	10222	202742
144	10282	202456
145	10372	202754
146	10442	202672
147	10514	202622
148	10605	202927
149	10690	203124
150	10757	202962
151	10842	203150
152	10940	203581
153	11033	203898
154	11116	204045
155	11188	203979
156	11246	203652
157	11301	203282
158	11357	202929
159	11422	202750
160	11475	202346
161	11530	202000
162	11587	201678
163	11652	201500
164	11721	201391
165	11770	200949
166	11838	200832
167	11884	200339
168	11937	199977
169	11988	199574
170	12055	199450
171	12124	199356
172	12184	199109
173	12244	198873
174	12321	198902
175	12372	198529
176	12449	198561
177	12517	198443
178	12607	198684
179	12681	198676
180	12738	198402
181	12789	198028
182	12869	198112
183	12929	197880
184	12982	197547
185	13046	197382
186	13116	197302
187	13184	197210
188	13248	197039
189	13326	197091
190	13410	197226
191	13494	197360
192	13561	197243
193	13643	197332
194	13724	197428
195	13801	197451
196	13884	197553
197	13938	197250
198	14036	197571
199	14155	198183
200	14223	198065
201	14305	198157
202	14372	198030
203	14449	198046
204	14519	197960
205	14642	198597
206	14718	198598
207	14795	198606
208	14883	198755
209	14963	198796
210	15085	199399
211	15158	199353
212	15217	199110
213	15306	199266
214	15398	199465
215	15468	199365
216	15533	199219
217	15607	199176
218	15666	198949
219	15735	198833
220	15788	198540
221	15851	198357
222	15902	198036
223	15968	197893
224	16031	197716
225	16087	197462
226	16150	197286
227	16205	197019
228	16271	196891
229	16333	196710
230	16392	196499
231	16468	196486
232	16560	196659
233	16637	196660
234	16715	196675
235	16813	196922
236	16900	197035
237	17006	197361
238	17070	197205
239	17141	197127
240	17201	196923
241	17285	196992
242	17349	196837
243	17401	196550
244	17466	196406
245	17520	196145
246	17597	196131
247	17675	196138
248	17739	195988
249	17809	195901
250	17871	195727
251	17936	195589
252	18022	195682
253	18097	195648
254	18171	195610
255	18227	195377
256	18310	195430
257	18374	195286
258	18426	195011
259	18490	194861
260	18558	194759
261	18628	194671
262	18705	194667
263	18773	194560
264	18843	194475
265	18911	194377
266	18970	194177
267	19042	194123
268	19108	193999
269	19158	193714
270	19223	193581
271	19277	193345
272	19357	193358
273	19420	193216
274	19493	193160
275	19572	193169
276	19622	192899
277	19697	192862
278	19781	192923
279	19878	193107
280	19957	193114
281	20022	192984
282	20082	192805
283	20136	192575
284	20199	192425
285	20249	192158
286	20306	191958
287	20380	191913
288	20444	191783
289	20509	191657
290	20588	191659
291	20666	191656
292	20786	192040
293	20837	191790
294	20909	191730
295	21005	191887
296	21063	191701
297	21127	191568
298	21195	191472
299	21272	191452
300	21359	191522
301	21455	191679
302	21529	191632
303	21603	191592
304	21701	191756
305	21774	191703
306	21840	191583
307	21917	191561
308	21984	191458
309	22057	191403
310	22121	191265
311	22200	191267
312	22289	191344
313	22383	191471
314	22449	191358
315	22528	191346
316	22847	193372
317	22996	193952
318	23089	194057
319	23172	194069
320	23240	193956
321	23321	193957
322	23405	193986
323	23487	193992
324	23585	194129
325	23651	194000
326	23716	193863
327	23782	193743
328	23867	193771
329	23935	193663
330	24009	193597
331	24075	193477
332	24151	193430
333	24206	193217
334	24265	193038
335	24349	193054
336	24417	192946
337	24476	192768
338	24548	192692
339	24619	192607
340	24691	192539
341	24743	192303
342	24798	192100
343	24884	192131
344	24951	192021
345	25006	191810
346	25082	191772
347	25150	191660
348	25211	191505
349	25285	191450
350	25348	191304
351	25409	191145
352	25457	190893
353	25521	190759
354	25605	190779
355	25684	190757
356	25769	190780
357	25834	190654
358	25898	190522
359	25979	190514
360	26039	190357
361	26095	190164
362	26191	190264
363	26273	190267
364	26340	190154
365	26404	190027
366	26514	190223
367	26608	190307
368	26660	190088
369	26715	189894
370	26780	189770
371	26835	189577
372	26900	189458
373	26950	189227
374	27005	189040
375	27053	188797
376	27110	188619
377	27161	188406
378	27215	188208
379	27265	187986
380	27324	187829
381	27385	187683
382	27445	187532
383	27492	187289
384	27543	187080
385	27592	186856
386	27655	186727
387	27704	186506
388	27756	186306
389	27821	186192
390	27877	186013
391	27934	185846
392	27997	185724
393	28047	185512
394	28095	185287
395	28139	185038
396	28242	185177
397	28288	184943
398	28336	184720
399	28410	184671
400	28462	184474
401	28510	184253
402	28567	184090
403	28682	184305
404	28761	184288
405	28832	184215
406	28903	184145
407	28954	183948
408	29026	183883
409	29099	183822
410	29161	183698
411	29247	183718
412	29328	183713
413	29381	183527
414	29454	183466
415	29536	183464
416	29588	183276
417	29656	183187
418	29717	183058
419	29793	183018
420	29852	182875
421	29904	182686
422	29962	182534
423	30013	182345
424	30090	182312
425	30139	182110
426	30197	181964
427	30262	181855
428	30335	181798
429	30395	181667
430	30447	181486
431	30513	181382
432	30565	181204
433	30618	181028
434	30674	180875
435	30729	180713
436	30797	180624
437	30853	180472
438	30904	180287
439	30955	180105
440	31013	179961
441	31065	179787
442	31116	179604
443	31186	179534
444	31232	179323
445	31287	179168
446	31370	179167
447	31431	179050
448	31486	178891
449	31552	178795
450	31612	178671
451	31673	178550
452	31747	178499
453	31809	178384
454	31867	178249
455	31937	178177
456	32006	178099
457	32064	177963
458	32119	177809
459	32182	177702
460	32245	177597
461	32313	177512
462	32378	177418
463	32461	177420
464	32507	177218
465	32574	177130
466	32641	177049
467	32692	176872
468	32753	176757
469	32812	176630
470	32867	176479
471	32934	176393
472	33000	176304
473	33066	176212
474	33123	176076
475	33205	176072
476	33269	175974
477	33325	175830
478	33370	175629
479	33432	175521
480	33512	175502
481	33561	175328
482	33620	175204
483	33694	175154
484	33761	175071
485	33824	174968
486	33896	174912
487	33971	174871
488	34039	174790
489	34108	174719
490	34181	174667
491	34252	174605
492	34332	174585
493	34463	174829
494	34563	174910
495	34631	174831
496	34704	174777
497	34794	174809
498	34864	174743
499	34933	174667
500	35002	174594
501	35069	174510
502	35136	174427
503	35235	174497
504	35314	174472
505	35388	174426
506	35461	174368
507	35529	174288
508	35592	174187
509	35661	174112
510	35709	173937
511	35766	173801
512	35816	173635
513	35865	173466
514	35938	173410
515	35986	173237
516	36037	173076
517	36106	173005
518	36161	172863
519	36211	172701
520	36255	172510
521	36312	172379
522	36362	172216
523	36410	172046
524	36458	171877
525	36508	171714
526	36606	171778
527	36687	171765
528	36741	171621
529	36786	171438
530	36850	171342
531	36908	171222
532	36968	171107
533	37062	171155
534	37118	171023
535	37179	170915
536	37251	170859
537	37340	170875
538	37420	170857
539	37486	170770
540	37553	170691
541	37635	170679
542	37710	170633
543	37773	170535
544	37842	170465
545	37907	170375
546	37976	170304
547	38044	170229
548	38108	170132
549	38184	170094
550	38271	170105
551	38337	170018
552	38396	169902
553	38454	169782
554	38507	169640
555	38565	169521
556	38614	169364
557	38666	169218
558	38715	169058
559	38769	168925
560	38820	168777
561	38873	168637
562	38930	168512
563	38991	168408
564	39059	168335
565	39109	168185
566	39164	168054
567	39225	167949
568	39275	167802
569	39327	167658
570	39384	167540
571	39434	167389
572	39500	167308
573	39554	167175
574	39608	167043
575	39676	166971
576	39725	166819
577	39772	166658
578	39820	166504
579	39891	166445
580	39946	166319
581	39998	166177
582	40065	166104
583	40164	166161
584	40234	166095
585	40313	166069
586	40388	166024
587	40434	165862
588	40491	165747
589	40555	165660
590	40623	165588
591	40681	165474
592	40755	165428
593	40824	165360
594	40879	165236
595	40952	165182
596	41022	165121
597	41089	165044
598	41152	164954
599	41215	164863
600	41279	164773
601	41343	164687
602	41394	164548
603	41457	164458
604	41539	164442
605	41597	164329
606	41651	164203
607	41699	164054
608	41759	163951
609	41818	163846
610	41880	163752
611	41941	163654
612	42004	163565
613	42071	163490
614	42119	163340
615	42176	163227
616	42230	163105
617	42291	163005
618	42333	162835
619	42392	162734
620	42442	162593
621	42499	162481
622	42557	162372
623	42606	162232
624	42662	162115
625	42733	162060
626	42796	161971
627	42854	161865
628	42912	161759
629	42972	161656
630	43028	161544
631	43075	161397
632	43159	161388
633	43237	161357
634	43289	161226
635	43346	161118
636	43404	161012
637	43463	160909
638	43516	160787
639	43577	160693
640	43634	160582
641	43710	160544
642	43774	160462
643	43830	160350
644	43895	160271
645	43983	160273
646	44057	160225
647	44113	160115
648	44212	160160
649	44272	160060
650	44324	159937
651	44390	159858
652	44457	159787
653	44513	159676
654	44569	159566
655	44634	159488
656	44693	159384
657	44749	159274
658	44796	159133
659	44872	159094
660	44933	158999
661	44994	158907
662	45084	158918
663	45134	158787
664	45190	158676
665	45246	158566
666	45297	158440
667	45357	158342
668	45424	158274
669	45473	158139
670	45522	158006
671	45587	157926
672	45640	157809
673	45703	157725
674	45767	157644
675	45855	157646
676	45986	157794
677	46084	157827
678	46159	157785
679	46248	157789
680	46324	157749
681	46381	157643
682	46445	157562
683	46513	157494
684	46589	157450
685	46659	157391
686	46726	157319
687	46803	157282
688	46867	157199
689	46923	157091
690	46981	156990
691	47037	156882
692	47080	156730
693	47127	156594
694	47190	156510
695	47256	156434
696	47307	156311
697	47357	156184
698	47409	156064
699	47457	155932
700	47519	155846
701	47595	155805
702	47642	155669
703	47701	155571
704	47763	155486
705	48008	155992
706	48066	155892
707	48156	155896
708	48239	155875
709	48308	155812
710	48362	155697
711	48428	155624
712	48491	155539
713	48562	155480
714	48628	155405
715	48691	155323
716	48758	155253
717	48852	155266
718	48917	155190
719	48982	155110
720	49070	155105
721	49152	155082
722	49228	155040
723	49298	154976
724	49365	154904
725	49441	154861
726	49513	154806
727	49576	154721
728	49643	154651
729	49708	154573
730	49780	154517
731	49844	154436
732	49900	154329
733	49974	154282
734	50027	154166
735	50077	154041
736	50126	153915
737	50193	153844
738	50246	153729
739	50292	153595
740	50350	153497
741	50411	153408
742	50481	153346
743	50531	153225
744	50573	153076
745	50633	152986
746	50714	152959
747	50773	152862
748	50824	152745
749	50872	152618
750	50926	152507
751	50977	152391
752	51038	152301
753	51100	152215
754	51146	152085
755	51207	151997
756	51270	151914
757	51334	151836
758	51405	151777
759	51456	151661
760	51516	151572
761	51568	151458
762	51620	151344
763	51676	151242
764	51729	151130
765	51805	151086
766	51898	151093
767	51986	151085
768	52049	151003
769	52115	150931
770	52170	150827
771	52252	150802
772	52321	150736
773	52397	150694
774	52462	150618
775	52540	150580
776	52597	150482
777	52653	150380
778	52723	150320
779	52788	150244
780	52848	150154
781	52901	150045
782	52964	149963
783	53015	149850
784	53074	149758
785	53142	149692
786	53201	149598
787	53253	149488
788	53301	149365
789	53357	149266
790	53434	149223
791	53499	149151
792	53560	149064
793	53608	148943
794	53671	148861
795	53724	148753
796	53786	148672
797	53838	148562
798	53902	148485
799	53953	148371
800	54004	148259
801	54069	148186
802	54120	148074
803	54171	147959
804	54235	147885
805	54275	147743
806	54323	147621
807	54382	147532
808	54435	147426
809	54491	147329
810	54542	147218
811	54608	147146
812	54656	147028
813	54706	146915
814	54774	146849
815	54844	146790
816	54921	146748
817	54975	146644
818	55040	146572
819	55105	146498
820	55151	146375
821	55206	146276
822	55284	146237
823	55355	146181
824	55418	146103
825	55483	146031
826	55593	146076
827	55664	146018
828	55714	145906
829	55790	145861
830	55862	145806
831	55928	145737
832	55992	145662
833	56053	145577
834	56123	145518
835	56174	145407
836	56223	145293
837	56279	145198
838	56334	145098
839	56450	145159
840	56508	145068
841	56563	144968
842	56617	144867
843	56670	144765
844	56738	144700
845	56804	144628
846	56885	144597
847	56937	144491
848	56987	144381
849	57041	144280
850	57105	144206
851	57162	144113
852	57217	144016
853	57291	143966
854	57355	143892
855	57407	143787
856	57470	143710
857	57538	143644
858	57610	143589
859	57679	143527
860	57787	143563
861	57873	143541
862	57940	143474
863	57991	143366
864	58058	143301
865	58123	143228
866	58187	143154
867	58256	143091
868	58338	143059
869	58404	142991
870	58458	142891
871	58510	142787
872	58558	142673
873	58610	142569
874	58658	142455
875	58712	142357
876	58770	142268
877	58836	142199
878	58884	142086
879	58928	141963
880	58981	141864
881	59045	141790
882	59093	141676
883	59135	141550
884	59186	141444
885	59251	141374
886	59308	141282
887	59369	141203
888	59435	141133
889	59492	141044
890	59539	140931
891	59584	140811
892	59645	140731
893	59709	140657
894	59752	140534
895	59805	140435
896	59873	140372
897	59933	140290
898	59979	140174
899	60050	140118
900	60100	140011
901	60164	139938
902	60226	139860
903	60288	139784
904	60357	139722
905	60404	139610
906	60463	139525
907	60527	139453
908	60630	139470
909	60711	139437
910	60797	139414
911	60848	139310
912	60930	139279
913	61008	139239
914	61062	139142
915	61136	139092
916	61206	139033
917	61286	138995
918	61404	139044
919	61466	138967
920	61559	138960
921	61628	138898
922	61689	138817
923	61746	138730
924	61796	138623
925	61851	138530
926	61911	138449
927	61957	138336
928	62001	138219
929	62067	138151
930	62120	138053
931	62179	137969
932	62229	137864
933	62280	137764
934	62335	137670
935	62385	137568
936	62440	137474
937	62492	137376
938	62540	137269
939	62594	137175
940	62635	137052
941	62678	136933
942	62719	136813
943	62762	136695
944	62818	136604
945	62868	136503
946	62928	136423
947	62998	136362
948	63041	136246
949	63087	136136
950	63142	136044
951	63204	135969
952	63258	135877
953	63310	135779
954	63357	135670
955	63432	135624
956	63516	135594
957	63567	135496
958	63678	135525
959	63741	135450
960	63798	135364
961	63852	135271
962	63908	135183
963	63957	135080
964	64041	135050
965	64131	135034
966	64209	134993
967	64292	134960
968	64372	134923
969	64424	134826
970	64485	134749
971	64537	134651
972	64621	134622
973	64681	134542
974	64734	134447
975	64783	134346
976	64843	134267
977	64910	134200
978	64958	134097
979	65020	134021
980	65086	133954
981	65145	133873
982	65203	133789
983	65263	133711
984	65317	133618
985	65380	133545
986	65429	133444
987	65474	133333
988	65530	133247
989	65593	133175
990	65655	133099
991	65728	133047
992	65804	133001
993	65886	132966
994	65954	132902
995	66085	132966
996	66151	132900
997	66223	132845
998	66298	132796
999	66370	132740
1000	66459	132720
1001	66559	132720
1002	66655	132712
1003	66740	132683
1004	66838	132678
1005	66920	132644
1006	66999	132601
1007	67084	132571
1008	67183	132569
1009	67289	132581
1010	67352	132506
1011	67409	132421
1012	67483	132368
1013	67566	132334
1014	67647	132295
1015	67720	132240
1016	67794	132189
1017	67864	132128
1018	67920	132041
1019	67992	131986
1020	68072	131944
1021	68126	131852
1022	68208	131815
1023	68291	131780
1024	68388	131773
1025	68449	131694
1026	68513	131624
1027	68583	131563
1028	68645	131487
1029	68713	131422
1030	68799	131393
1031	68866	131326
1032	68941	131275
1033	69012	131217
1034	69076	131146
1035	69135	131063
1036	69230	131049
1037	69296	130982
1038	69349	130889
1039	69417	130825
1040	69507	130801
1041	69579	130745
1042	69686	130753
1043	69758	130696
1044	69871	130715
1045	69964	130699
1046	70037	130642
1047	70104	130577
1048	70249	130653
1049	70336	130625
1050	70431	130609
1051	70523	130588
1052	70608	130556
1053	70695	130525
1054	70841	130602
1055	70919	130557
1056	71005	130522
1057	71094	130496
1058	71155	130417
1059	71238	130379
1060	71333	130362
1061	71664	130777
1062	71782	130802
1063	71842	130721
1064	71911	130655
1065	71983	130596
1066	72058	130542
1067	72139	130500
1068	72238	130489
1069	72304	130417
1070	72380	130366
1071	72445	130294
1072	72516	130232
1073	72629	130246
1074	72737	130250
1075	72806	130185
1076	72905	130174
1077	72991	130139
1078	73074	130098
1079	73175	130089
1080	73257	130047
1081	73355	130032
1082	73452	130016
1083	73521	129950
1084	73607	129915
1085	73671	129840
1086	73756	129802
1087	73824	129736
1088	73884	129654
1089	73950	129583
1090	74015	129510
1091	74063	129407
1092	74115	129311
1093	74180	129240
1094	74241	129160
1095	74312	129096
1096	74373	129018
1097	74424	128921
1098	74478	128828
1099	74536	128745
1100	74584	128642
1101	74651	128574
1102	74707	128485
1103	74762	128395
1104	74810	128294
1105	74878	128227
1106	74939	128148
1107	75013	128091
1108	75099	128055
1109	75155	127966
1110	75207	127872
1111	75296	127841
1112	75361	127769
1113	75409	127668
1114	75461	127574
1115	75510	127474
1116	75585	127420
1117	75633	127318
1118	75692	127236
1119	75751	127153
1120	75819	127086
1121	75903	127047
1122	75970	126977
1123	76052	126934
1124	76122	126871
1125	76192	126806
1126	76258	126736
1127	76320	126660
1128	76388	126591
1129	76472	126552
1130	76526	126460
1131	76607	126415
1132	76657	126318
1133	76719	126242
1134	76766	126140
1135	76819	126048
1136	76869	125952
1137	76930	125873
1138	76982	125781
1139	77047	125708
1140	77091	125602
1141	77147	125516
1142	77202	125428
1143	77268	125358
1144	77317	125260
1145	77368	125167
1146	77434	125096
1147	77490	125010
1148	77533	124904
1149	77572	124790
1150	77626	124701
1151	77674	124602
1152	77715	124492
1153	77760	124389
1154	77820	124310
1155	77877	124226
1156	77936	124145
1157	77981	124043
1158	78028	123943
1159	78077	123847
1160	78132	123760
1161	78184	123668
1162	78241	123585
1163	78283	123478
1164	78381	123459
1165	78444	123385
1166	78494	123291
1167	78545	123198
1168	78594	123102
1169	78656	123027
1170	78724	122960
1171	78773	122865
1172	78868	122841
1173	78943	122786
1174	79003	122708
1175	79063	122629
1176	79128	122557
1177	79193	122487
1178	79268	122433
1179	79343	122378
1180	79471	122402
1181	79534	122329
1182	79602	122263
1183	79655	122175
1184	79718	122100
1185	79782	122028
1186	79838	121943
1187	79898	121864
1188	79949	121773
1189	79998	121677
1190	80051	121589
1191	80107	121505
1192	80162	121419
1193	80218	121335
1194	80257	121225
1195	80309	121135
1196	80391	121090
1197	80430	120981
1198	80479	120886
1199	80540	120810
1200	80595	120726
1201	80657	120650
1202	80729	120590
1203	80805	120537
1204	80852	120439
1205	80899	120343
1206	80937	120233
1207	81003	120164
1208	81046	120061
1209	81103	119979
1210	81166	119906
1211	81254	119870
1212	81317	119797
1213	81384	119729
1214	81439	119645
1215	81475	119532
1216	81521	119435
1217	81559	119326
1218	81606	119230
1219	81662	119146
1220	81708	119049
1221	81769	118973
1222	81817	118879
1223	81892	118825
1224	81958	118756
1225	82004	118659
1226	82071	118592
1227	82124	118504
1228	82177	118417
1229	82250	118361
1230	82317	118293
1231	82379	118220
1232	82433	118134
1233	82486	118048
1234	82541	117964
1235	82598	117883
1236	82659	117808
1237	82712	117721
1238	82756	117622
1239	82813	117542
1240	82853	117437
1241	82906	117350
1242	82955	117259
1243	83019	117187
1244	83080	117113
1245	83133	117027
1246	83180	116933
1247	83222	116831
1248	83281	116754
1249	83335	116669
1250	83385	116580
1251	83441	116497
1252	83515	116441
1253	83580	116372
1254	83626	116277
1255	83685	116200
1256	83749	116130
1257	83800	116042
1258	83860	115965
1259	83909	115875
1260	83977	115810
1261	84069	115778
1262	84127	115699
1263	84216	115664
1264	84275	115587
1265	84345	115525
1266	84412	115459
1267	84488	115405
1268	84577	115368
1269	84661	115325
1270	84752	115293
1271	84854	115274
1272	84917	115202
1273	84968	115113
1274	85035	115048
1275	85120	115006
1276	85191	114945
1277	85257	114877
1278	85303	114782
1279	85355	114695
1280	85436	114649
1281	85491	114566
1282	85560	114503
1283	85632	114443
1284	85695	114371
1285	85736	114270
1286	85781	114175
1287	85842	114101
1288	85888	114006
1289	85941	113921
1290	85986	113827
1291	86039	113742
1292	86091	113656
1293	86144	113571
1294	86192	113481
1295	86244	113394
1296	86298	113312
1297	86350	113227
1298	86402	113141
1299	86458	113061
1300	86527	112997
1301	86588	112923
1302	86681	112892
1303	86734	112808
1304	86793	112731
1305	86844	112645
1306	86900	112565
1307	86945	112470
1308	87011	112403
1309	87089	112352
1310	87135	112259
1311	87193	112181
1312	87247	112099
1313	87309	112026
1314	87361	111942
1315	87402	111843
1316	87450	111753
1317	87527	111700
1318	87596	111637
1319	87666	111574
1320	87724	111498
1321	87806	111451
1322	87873	111386
1323	87962	111348
1324	88054	111313
1325	88130	111260
1326	88194	111189
1327	88256	111118
1328	88325	111054
1329	88376	110969
1330	88436	110894
1331	88491	110813
1332	88540	110725
1333	88606	110658
1334	88659	110575
1335	88703	110481
1336	88759	110401
1337	88840	110353
1338	88906	110286
1339	88958	110202
1340	89032	110145
1341	89087	110064
1342	89152	109997
1343	89200	109907
1344	89258	109831
1345	89306	109742
1346	89355	109654
1347	89393	109553
1348	89439	109461
1349	89489	109375
1350	89543	109294
1351	89584	109197
1352	89642	109120
1353	89699	109043
1354	89743	108950
1355	89819	108895
1356	89880	108823
1357	89925	108731
1358	90010	108687
1359	90071	108616
1360	90119	108527
1361	90164	108435
1362	90224	108361
1363	90281	108285
1364	90332	108200
1365	90389	108123
1366	90478	108084
1367	90556	108032
1368	90617	107960
1369	90674	107882
1370	90717	107789
1371	90776	107714
1372	90832	107635
1373	90886	107556
1374	90960	107498
1375	91017	107422
1376	91085	107357
1377	91151	107291
1378	91204	107210
1379	91247	107117
1380	91303	107038
1381	91367	106970
1382	91417	106884
1383	91483	106818
1384	91547	106750
1385	91615	106687
1386	91666	106602
1387	91725	106527
1388	91767	106434
1389	91814	106346
1390	91875	106274
1391	91930	106195
1392	91985	106116
1393	92050	106049
1394	92103	105968
1395	92163	105895
1396	92228	105828
1397	92292	105759
1398	92362	105699
1399	92426	105630
1400	92491	105563
1401	92552	105491
1402	92607	105412
1403	92666	105338
1404	92735	105276
1405	92799	105207
1406	92857	105133
1407	92942	105088
1408	93009	105023
1409	93063	104944
1410	93125	104873
1411	93176	104790
1412	93257	104740
1413	93322	104673
1414	93406	104628
1415	93507	104601
1416	93568	104529
1417	93619	104447
1418	93685	104381
1419	93730	104291
1420	93776	104203
1421	93825	104118
1422	93925	104090
1423	93996	104029
1424	94053	103953
1425	94108	103875
1426	94158	103791
1427	94216	103717
1428	94266	103634
1429	94316	103550
1430	94363	103463
1431	94405	103371
1432	94479	103314
1433	94530	103232
1434	94572	103139
1435	94614	103047
1436	94659	102959
1437	94719	102887
1438	94763	102797
1439	94826	102728
1440	94873	102642
1441	94916	102551
1442	94970	102473
1443	95011	102380
1444	95059	102295
1445	95124	102228
1446	95184	102156
1447	95236	102076
1448	95274	101981
1449	95338	101913
1450	95570	102024
1451	95649	101973
1452	95759	101954
1453	95845	101910
1454	95929	101863
1455	96000	101802
1456	96041	101710
1457	96108	101645
1458	96170	101575
1459	96236	101509
1460	96304	101446
1461	96381	101391
1462	96459	101338
1463	96527	101274
1464	96563	101177
1465	96661	101145
1466	96729	101081
1467	96795	101015
1468	96882	100971
1469	96941	100898
1470	96992	100816
1471	97060	100753
1472	97104	100664
1473	97152	100580
1474	97211	100506
1475	97260	100423
1476	97317	100348
1477	97368	100266
1478	97427	100194
1479	97469	100104
1480	97518	100020
1481	97572	99943
1482	97629	99868
1483	97663	99769
1484	97703	99676
1485	97759	99601
1486	97812	99522
1487	97869	99447
1488	97912	99358
1489	97956	99271
1490	98009	99193
1491	98054	99106
1492	98116	99036
1493	98169	98958
1494	98230	98887
1495	98291	98817
1496	98346	98740
1497	98407	98670
1498	98464	98596
1499	98522	98522
1500	98573	98442
1501	98624	98361
1502	98711	98317
1503	98772	98247
1504	98836	98179
1505	98883	98095
1506	98931	98012
1507	98986	97935
1508	99052	97870
1509	99109	97797
1510	99196	97752
1511	99282	97706
1512	99357	97650
1513	99413	97574
1514	99487	97517
1515	99544	97443
1516	99599	97367
1517	99659	97295
1518	99770	97274
1519	99854	97226
1520	99913	97154
1521	99965	97075
1522	100008	96987
1523	100076	96924
1524	100130	96847
1525	100186	96772
1526	100252	96707
1527	100303	96627
1528	100369	96562
1529	100420	96482
1530	100460	96392
1531	100508	96309
1532	100560	96230
1533	100625	96164
1534	100674	96083
1535	100711	95990
1536	100758	95907
1537	100807	95826
1538	100853	95741
1539	100910	95668
1540	100959	95587
1541	101004	95501
1542	101055	95422
1543	101122	95359
1544	101156	95264
1545	101216	95193
1546	101284	95129
1547	101346	95061
1548	101383	94968
1549	101422	94879
1550	101468	94795
1551	101523	94720
1552	101576	94643
1553	101622	94559
1554	101669	94477
1555	101743	94420
1556	101821	94366
1557	101868	94283
1558	101922	94208
1559	102005	94158
1560	102067	94090
1561	102152	94042
1562	102215	93975
1563	102287	93915
1564	102336	93835
1565	102391	93760
1566	102494	93729
1567	102570	93673
1568	102613	93588
1569	102687	93530
1570	102772	93482
1571	102827	93408
1572	102885	93336
1573	102964	93282
1574	103016	93205
1575	103067	93127
1576	103112	93043
1577	103163	92964
1578	103230	92900
1579	103287	92828
1580	103332	92744
1581	103395	92676
1582	103472	92621
1583	103523	92543
1584	103567	92459
1585	103620	92383
1586	103687	92318
1587	103740	92242
1588	103800	92172
1589	103855	92098
1590	103919	92031
1591	103995	91975
1592	104047	91898
1593	104115	91835
1594	104181	91771
1595	104238	91698
1596	104295	91626
1597	104343	91545
1598	104474	91537
1599	104562	91492
1600	104640	91437
1601	104688	91357
1602	104755	91293
1603	104817	91224
1604	104861	91141
1605	104910	91061
1606	104983	91002
1607	105031	90922
1608	105094	90855
1609	105164	90794
1610	105225	90725
1611	105281	90651
1612	105337	90578
1613	105387	90500
1614	105474	90453
1615	105546	90394
1616	105598	90317
1617	105682	90267
1618	105745	90200
1619	105789	90117
1620	105839	90038
1621	105889	89960
1622	105937	89880
1623	105992	89806
1624	106039	89725
1625	106105	89661
1626	106159	89586
1627	106205	89505
1628	106259	89430
1629	106306	89349
1630	106372	89284
1631	106421	89206
1632	106462	89120
1633	106496	89029
1634	106554	88957
1635	106610	88885
1636	106665	88811
1637	106708	88728
1638	106766	88657
1639	106819	88582
1640	106875	88509
1641	106924	88431
1642	106968	88348
1643	107014	88267
1644	107086	88208
1645	107136	88130
1646	107181	88048
1647	107234	87974
1648	107276	87890
1649	107321	87808
1650	107378	87736
1651	107432	87662
1652	107497	87597
1653	107557	87528
1654	107643	87480
1655	107702	87411
1656	107754	87335
1657	107807	87260
1658	107888	87208
1659	107955	87144
1660	108034	87091
1661	108099	87025
1662	108164	86961
1663	108214	86883
1664	108279	86818
1665	108397	86796
1666	108475	86741
1667	108537	86674
1668	108621	86624
1669	108689	86560
1670	108770	86508
1671	108835	86443
1672	108899	86377
1673	108953	86303
1674	109003	86226
1675	109059	86154
1676	109131	86094
1677	109184	86019
1678	109231	85940
1679	109285	85867
1680	109335	85790
1681	109378	85707
1682	109420	85624
1683	109466	85545
1684	109522	85473
1685	109571	85395
1686	109619	85317
1687	109669	85240
1688	109751	85189
1689	109818	85125
1690	109896	85071
1691	109958	85003
1692	110041	84952
1693	110104	84885
1694	110159	84812
1695	110202	84731
1696	110251	84653
1697	110321	84592
1698	110382	84525
1699	110469	84476
1700	110546	84420
1701	110599	84346
1702	110648	84269
1703	110751	84233
1704	110874	84212
1705	110957	84161
1706	111037	84107
1707	111127	84061
1708	111186	83991
1709	111263	83935
1710	111337	83877
1711	111395	83806
1712	111480	83756
1713	111547	83693
1714	111610	83626
1715	111686	83569
1716	111749	83502
1717	111799	83426
1718	111854	83353
1719	111902	83276
1720	111959	83205
1721	112043	83154
1722	112086	83072
1723	112140	82999
1724	112178	82914
1725	112253	82857
1726	112305	82782
1727	112354	82705
1728	112432	82649
1729	112479	82571
1730	112525	82493
1731	112586	82424
1732	112631	82345
1733	112708	82288
1734	112763	82216
1735	112809	82137
1736	112858	82060
1737	112904	81982
1738	112970	81918
1739	113045	81860
1740	113114	81798
1741	113170	81726
1742	113229	81658
1743	113300	81596
1744	113365	81532
1745	113415	81456
1746	113477	81389
1747	113543	81325
1748	113605	81257
1749	113658	81184
1750	113718	81116
1751	113820	81077
1752	113878	81007
1753	113970	80962
1754	114030	80893
1755	114088	80823
1756	114144	80752
1757	114193	80676
1758	114257	80610
1759	114316	80540
1760	114362	80462
1761	114408	80384
1762	114497	80336
1763	114563	80272
1764	114640	80215
1765	114699	80146
1766	114749	80071
1767	114802	79998
1768	114847	79919
1769	114906	79850
1770	114961	79778
1771	115005	79699
1772	115051	79621
1773	115107	79550
1774	115163	79479
1775	115223	79410
1776	115262	79327
1777	115318	79257
1778	115365	79180
1779	115422	79109
1780	115477	79038
1781	115535	78968
1782	115610	78911
1783	115662	78837
1784	115725	78771
1785	115786	78704
1786	115839	78630
1787	115898	78561
1788	115962	78496
1789	116022	78428
1790	116085	78362
1791	116170	78311
1792	116250	78256
1793	116316	78192
1794	116369	78119
1795	116435	78055
1796	116484	77980
1797	116534	77905
1798	116584	77830
1799	116650	77766
1800	116712	77700
1801	116766	77628
1802	116825	77559
1803	116897	77499
1804	116956	77431
1805	117023	77367
1806	117075	77294
1807	117153	77238
1808	117207	77166
1809	117256	77090
1810	117304	77015
1811	117399	76970
1812	117454	76899
1813	117530	76841
1814	117591	76774
1815	117638	76698
1816	117689	76624
1817	117733	76546
1818	117800	76482
1819	117849	76408
1820	117899	76333
1821	117945	76256
1822	118008	76190
1823	118054	76114
1824	118101	76038
1825	118152	75964
1826	118212	75896
1827	118256	75818
1828	118310	75747
1829	118362	75674
1830	118421	75606
1831	118472	75532
1832	118516	75455
1833	118577	75388
1834	118678	75346
1835	118720	75267
1836	118774	75195
1837	118840	75131
1838	118892	75059
1839	118944	74986
1840	119011	74923
1841	119072	74856
1842	119134	74790
1843	119200	74726
1844	119382	74735
1845	119564	74744
1846	119689	74716
1847	119789	74673
1848	119853	74608
1849	119916	74542
1850	120005	74493
1851	120072	74429
1852	120138	74365
1853	120192	74293
1854	120260	74231
1855	120323	74164
1856	120387	74099
1857	120448	74032
1858	120501	73960
1859	120549	73885
1860	120609	73817
1861	120656	73741
1862	120715	73673
1863	120776	73606
1864	120836	73538
1865	120893	73469
1866	120946	73396
1867	120995	73322
1868	121043	73247
1869	121129	73195
1870	121181	73123
1871	121228	73047
1872	121270	72969
1873	121343	72909
1874	121393	72836
1875	121441	72761
1876	121502	72694
1877	121557	72623
1878	121610	72552
1879	121667	72482
1880	121720	72410
1881	121784	72346
1882	121827	72268
1883	121877	72194
1884	121913	72113
1885	121989	72055
1886	122040	71982
1887	122089	71908
1888	122130	71830
1889	122183	71758
1890	122236	71687
1891	122291	71616
1892	122333	71538
1893	122396	71473
1894	122443	71398
1895	122503	71330
1896	122568	71266
1897	122632	71201
1898	122699	71138
1899	122769	71077
1900	122817	71002
1901	122876	70935
1902	122942	70870
1903	123002	70803
1904	123073	70743
1905	123124	70670
1906	123182	70602
1907	123246	70537
1908	123313	70474
1909	123384	70413
1910	123469	70360
1911	123544	70301
1912	123597	70230
1913	123658	70163
1914	123725	70100
1915	123787	70034
1916	123834	69959
1917	123887	69888
1918	123951	69823
1919	124001	69750
1920	124053	69679
1921	124097	69603
1922	124153	69533
1923	124191	69454
1924	124250	69386
1925	124298	69313
1926	124346	69238
1927	124392	69164
1928	124442	69091
1929	124498	69022
1930	124542	68946
1931	124581	68868
1932	124648	68804
1933	124706	68737
1934	124746	68658
1935	124786	68580
1936	124844	68512
1937	124906	68447
1938	124948	68370
1939	125022	68311
1940	125087	68247
1941	125152	68182
1942	125204	68111
1943	125253	68038
1944	125300	67965
1945	125352	67893
1946	125409	67825
1947	125460	67753
1948	125548	67701
1949	125610	67636
1950	125658	67562
1951	125732	67503
1952	125788	67435
1953	125883	67387
1954	125938	67317
1955	125996	67249
1956	126060	67185
1957	126142	67129
1958	126208	67066
1959	126272	67001
1960	126333	66935
1961	126397	66870
1962	126439	66794
1963	126498	66727
1964	126562	66662
1965	126613	66591
1966	126657	66515
1967	126697	66438
1968	126746	66366
1969	126807	66300
1970	126846	66222
1971	126890	66147
1972	126939	66075
1973	126995	66006
1974	127052	65938
1975	127095	65863
1976	127140	65788
1977	127189	65716
1978	127256	65653
1979	127313	65585
1980	127355	65509
1981	127411	65441
1982	127477	65377
1983	127543	65314
1984	127620	65257
1985	127682	65191
1986	127745	65126
1987	127797	65056
1988	127859	64990
1989	127913	64920
1990	127961	64848
1991	128024	64783
1992	128070	64709
1993	128136	64646
1994	128178	64571
1995	128286	64528
1996	128328	64453
1997	128404	64394
1998	128489	64341
1999	128549	64274
2000	128617	64212
2001	128696	64155
2002	128760	64090
2003	128816	64022
2004	128886	63961
2005	128949	63895
2006	129000	63825
2007	129066	63762
2008	129143	63703
2009	129216	63643
2010	129271	63575
2011	129345	63515
2012	129407	63450
2013	129460	63380
2014	129527	63317
2015	129590	63252
2016	129649	63185
2017	129706	63117
2018	129762	63049
2019	129829	62986
2020	129882	62916
2021	129933	62846
2022	130014	62789
2023	130081	62727
2024	130138	62659
2025	130195	62591
2026	130250	62522
2027	130304	62453
2028	130360	62385
2029	130417	62317
2030	130478	62251
2031	130574	62202
2032	130633	62135
2033	130692	62069
2034	130786	62018
2035	130883	61970
2036	130965	61914
2037	131049	61859
2038	131117	61796
2039	131192	61737
2040	131280	61684
2041	131364	61629
2042	131467	61583
2043	131549	61526
2044	131602	61457
2045	131663	61391
2046	131754	61339
2047	131843	61286
2048	131917	61226
2049	131988	61165
2050	132073	61110
2051	132146	61049
2052	132204	60982
2053	132270	60919
2054	132347	60860
2055	132417	60798
2056	132480	60733
2057	132535	60664
2058	132577	60590
2059	132621	60516
2060	132674	60447
2061	132725	60376
2062	132769	60303
2063	132813	60229
2064	132859	60156
2065	132952	60105
2066	133024	60044
2067	133077	59974
2068	133126	59903
2069	133172	59831
2070	133226	59762
2071	133278	59692
2072	133326	59620
2073	133379	59551
2074	133456	59492
2075	133506	59421
2076	133553	59350
2077	133630	59291
2078	133709	59233
2079	133753	59160
2080	133797	59086
2081	133854	59019
2082	133915	58953
2083	133968	58884
2084	134015	58812
2085	134070	58744
2086	134135	58680
2087	134180	58607
2088	134227	58535
2089	134281	58467
2090	134348	58403
2091	134402	58335
2092	134462	58269
2093	134526	58204
2094	134593	58141
2095	134660	58078
2096	134724	58014
2097	134795	57953
2098	134862	57889
2099	134914	57820
2100	135052	57787
2101	135118	57724
2102	135172	57655
2103	135237	57591
2104	135303	57528
2105	135357	57459
2106	135419	57394
2107	135470	57324
2108	135531	57258
2109	135597	57194
2110	135639	57121
2111	135692	57052
2112	135745	56983
2113	135801	56915
2114	135843	56842
2115	135901	56775
2116	135954	56706
2117	136019	56642
2118	136059	56568
2119	136100	56494
2120	136152	56425
2121	136208	56357
2122	136275	56294
2123	136322	56223
2124	136367	56151
2125	136410	56078
2126	136454	56005
2127	136497	55933
2128	136568	55871
2129	136619	55802
2130	136669	55732
2131	136736	55669
2132	136786	55599
2133	136838	55530
2134	136888	55460
2135	136936	55389
2136	136992	55322
2137	137040	55252
2138	137080	55178
2139	137156	55118
2140	137219	55054
2141	137269	54984
2142	137315	54913
2143	137387	54852
2144	137440	54783
2145	137496	54716
2146	137546	54647
2147	137613	54584
2148	137684	54522
2149	137733	54452
2150	137794	54387
2151	137858	54323
2152	137945	54268
2153	138006	54203
2154	138055	54132
2155	138110	54065
2156	138180	54003
2157	138232	53935
2158	138297	53871
2159	138359	53806
2160	138415	53739
2161	138474	53673
2162	138533	53607
2163	138575	53534
2164	138621	53463
2165	138684	53399
2166	138729	53327
2167	138782	53259
2168	138866	53203
2169	138925	53137
2170	138973	53067
2171	139036	53002
2172	139087	52933
2173	139135	52863
2174	139182	52793
2175	139236	52725
2176	139327	52671
2177	139381	52604
2178	139434	52535
2179	139515	52478
2180	139578	52413
2181	139640	52349
2182	139686	52278
2183	139752	52215
2184	139799	52145
2185	139842	52073
2186	139888	52002
2187	139938	51933
2188	139998	51867
2189	140036	51794
2190	140085	51724
2191	140138	51656
2192	140195	51590
2193	140256	51525
2194	140324	51462
2195	140402	51404
2196	140458	51337
2197	140527	51275
2198	140594	51212
2199	140661	51149
2200	140725	51085
2201	140791	51022
2202	140874	50965
2203	140928	50897
2204	140986	50831
2205	141050	50767
2206	141105	50700
2207	141156	50632
2208	141200	50561
2209	141270	50499
2210	141325	50432
2211	141364	50359
2212	141407	50288
2213	141506	50236
2214	141552	50166
2215	141589	50092
2216	141636	50023
2217	141693	49956
2218	141744	49888
2219	141788	49817
2220	141849	49752
2221	141910	49687
2222	141959	49618
2223	142003	49547
2224	142041	49475
2225	142115	49414
2226	142161	49344
2227	142218	49278
2228	142283	49214
2229	142325	49143
2230	142375	49075
2231	142422	49005
2232	142484	48941
2233	142540	48874
2234	142647	48825
2235	142706	48760
2236	142765	48694
2237	142889	48651
2238	143108	48640
2239	143197	48584
2240	143310	48537
2241	143407	48484
2242	143489	48426
2243	143545	48360
2244	143617	48299
2245	143730	48251
2246	143799	48189
2247	143869	48127
2248	143934	48063
2249	143978	47992
2250	144025	47923
2251	144083	47857
2252	144156	47796
2253	144206	47727
2254	144263	47661
2255	144307	47590
2256	144377	47528
2257	144415	47456
2258	144464	47387
2259	144515	47319
2260	144579	47255
2261	144624	47185
2262	144667	47114
2263	144709	47043
2264	144766	46977
2265	144810	46906
2266	144858	46837
2267	144900	46766
2268	144956	46700
2269	144995	46628
2270	145069	46568
2271	145124	46501
2272	145177	46433
2273	145239	46369
2274	145298	46304
2275	145348	46235
2276	145431	46177
2277	145500	46115
2278	145549	46047
2279	145613	45983
2280	145666	45916
2281	145723	45849
2282	145821	45796
2283	145872	45728
2284	145932	45663
2285	145988	45597
2286	146054	45534
2287	146120	45470
2288	146187	45408
2289	146265	45348
2290	146330	45285
2291	146406	45225
2292	146483	45165
2293	146541	45099
2294	146622	45040
2295	146704	44982
2296	146780	44922
2297	146836	44855
2298	146933	44802
2299	147027	44747
2300	147127	44694
2301	147195	44631
2302	147257	44567
2303	147311	44500
2304	147356	44430
2305	147414	44364
2306	147464	44296
2307	147504	44225
2308	147555	44157
2309	147605	44089
2310	147654	44021
2311	147701	43952
2312	147754	43885
2313	147807	43818
2314	147859	43751
2315	147939	43691
2316	148004	43628
2317	148056	43561
2318	148104	43492
2319	148164	43427
2320	148216	43360
2321	148264	43291
2322	148308	43221
2323	148370	43157
2324	148428	43092
2325	148475	43023
2326	148520	42954
2327	148580	42889
2328	148634	42822
2329	148684	42754
2330	148742	42689
2331	148808	42626
2332	148859	42558
2333	148918	42493
2334	149025	42441
2335	149070	42372
2336	149126	42306
2337	149217	42250
2338	149280	42186
2339	149332	42119
2340	149414	42060
2341	149536	42013
2342	149605	41950
2343	149689	41892
2344	149757	41829
2345	149904	41789
2346	149969	41725
2347	150048	41665
2348	150099	41598
2349	150156	41532
2350	150248	41476
2351	150301	41409
2352	150346	41340
2353	150408	41276
2354	150462	41209
2355	150530	41146
2356	150595	41083
2357	150657	41018
2358	150711	40952
2359	150776	40888
2360	150852	40827
2361	150912	40762
2362	150983	40700
2363	151061	40640
2364	151132	40579
2365	151233	40525
2366	151324	40468
2367	151391	40405
2368	151440	40337
2369	151499	40271
2370	151551	40204
2371	151611	40139
2372	151712	40085
2373	151752	40015
2374	151796	39946
2375	151859	39882
2376	151912	39815
2377	151976	39751
2378	152026	39684
2379	152084	39618
2380	152147	39554
2381	152230	39495
2382	152314	39436
2383	152382	39373
2384	152459	39313
2385	152542	39254
2386	152615	39192
2387	152685	39130
2388	152787	39076
2389	152865	39015
2390	152929	38951
2391	152993	38887
2392	153078	38829
2393	153119	38759
2394	153188	38696
2395	153240	38629
2396	153285	38561
2397	153351	38497
2398	153406	38431
2399	153464	38366
2400	153518	38299
2401	153626	38246
2402	153672	38178
2403	153714	38108
2404	153775	38044
2405	153854	37984
2406	153940	37925
2407	153993	37858
2408	154055	37794
2409	154118	37730
2410	154179	37665
2411	154233	37599
2412	154295	37534
2413	154353	37469
2414	154407	37402
2415	154460	37336
2416	154534	37274
2417	154585	37207
2418	154629	37139
2419	154695	37075
2420	154762	37012
2421	154816	36946
2422	154883	36883
2423	154942	36818
2424	154996	36751
2425	155053	36686
2426	155113	36621
2427	155204	36563
2428	155266	36499
2429	155317	36432
2430	155378	36367
2431	155424	36299
2432	155516	36242
2433	155590	36180
2434	155638	36113
2435	155709	36051
2436	155767	35985
2437	155822	35919
2438	155866	35851
2439	155924	35785
2440	155967	35717
2441	156015	35649
2442	156060	35581
2443	156106	35513
2444	156155	35446
2445	156194	35376
2446	156255	35312
2447	156298	35243
2448	156351	35177
2449	156405	35111
2450	156458	35045
2451	156508	34978
2452	156551	34909
2453	156611	34845
2454	156655	34776
2455	156705	34710
2456	156759	34644
2457	156805	34576
2458	156859	34510
2459	156908	34443
2460	156958	34376
2461	157029	34314
2462	157095	34251
2463	157159	34187
2464	157200	34118
2465	157255	34052
2466	157311	33987
2467	157393	33927
2468	157460	33864
2469	157505	33796
2470	157564	33731
2471	157615	33665
2472	157667	33599
2473	157738	33536
2474	157796	33471
2475	157843	33404
2476	157904	33340
2477	157991	33281
2478	158057	33218
2479	158122	33154
2480	158187	33091
2481	158253	33027
2482	158330	32966
2483	158393	32902
2484	158461	32840
2485	158515	32774
2486	158615	32718
2487	158687	32656
2488	158739	32589
2489	158820	32529
2490	158885	32465
2491	158955	32403
2492	159004	32336
2493	159074	32274
2494	159164	32215
2495	159239	32154
2496	159341	32097
2497	159495	32052
2498	159573	31991
2499	159649	31929
2500	159709	31865
2501	159778	31802
2502	159828	31735
2503	159874	31668
2504	159913	31599
2505	159979	31536
2506	160091	31481
2507	160205	31427
2508	160319	31373
2509	160453	31323
2510	160531	31262
2511	160603	31200
2512	160676	31137
2513	160751	31076
2514	160802	31009
2515	160870	30946
2516	160949	30885
2517	161016	30822
2518	161081	30758
2519	161146	30694
2520	161243	30636
2521	161328	30577
2522	161442	30522
>>>>>>> main
